{"id": "andrew-power-personal-trainer-liverpool", "rating": 0.0, "coordinates": {"longitude": -2.9207423, "latitude": 53.3886909}, "is_claimed": true, "hours": [{"is_open_now": false, "open": [{"is_overnight": false, "end": "2000", "start": "0800", "day": 0}, {"is_overnight": false, "end": "2000", "start": "0800", "day": 1}, {"is_overnight": false, "end": "2000", "start": "0800", "day": 2}, {"is_overnight": false, "end": "2000", "start": "0800", "day": 3}, {"is_overnight": false, "end": "2000", "start": "0800", "day": 4}], "hours_type": "REGULAR"}], "photos": ["https://s3-media3.fl.yelpcdn.com/bphoto/A0jlc7SBVVU0a097pwJNzQ/o.jpg", "https://s3-media2.fl.yelpcdn.com/bphoto/ey6xAS0qUFfjplN1PLcs4Q/o.jpg", "https://s3-media1.fl.yelpcdn.com/bphoto/otZTdO4bHjRzJ374JyBhaw/o.jpg"], "review_count": 0, "term": "attractions", "url": "https://www.yelp.com/biz/andrew-power-personal-trainer-liverpool?adjust_creative=92p07_JjKyriZTQxAXRiKQ&utm_campaign=yelp_api_v3&utm_medium=api_v3_business_lookup&utm_source=92p07_JjKyriZTQxAXRiKQ", "categories": [{"title": "Trainers", "alias": "healthtrainers"}], "image_url": "https://s3-media3.fl.yelpcdn.com/bphoto/A0jlc7SBVVU0a097pwJNzQ/o.jpg", "is_closed": false, "phone": "+447503115813", "location": {"address3": "", "zip_code": "L19 1RJ", "address1": "42 Russell Road", "address2": "Garston", "city": "Liverpool", "state": "XMS", "country": "GB"}, "name": "Andrew Power Personal Trainer"}